asset,requirement_id,title,requirement,cad_source,design_allocation,proposed_owner_role,verification_method,acceptance_criterion,planned_evidence_id,status,due_date,common_allocation
COM,COM-01,Configuration,"SHALL maintain a versioned asset and installed-module inventory linking CAD reference, mass/CG budget, interface revision and model/software versions.",All three CAD concepts,configuration,Configuration manager,I,Inspect a baseline record and demonstrate identification of every installed module.,COM-01-EV,Proposed / evidence pending,TBD — project assignment,Shared allocation
COM,COM-02,Telemetry,"SHALL publish timestamped navigation, energy, propulsion, environment, faults and maintenance state with units, source, quality and configuration identity.",All three CAD concepts,edge,Twin engineer,T,"Replay an annotated dataset; every required field has units, timestamp, provenance and a defined invalid/stale state.",COM-02-EV,Proposed / evidence pending,TBD — project assignment,Shared allocation
COM,COM-03,Local safety,"SHALL keep emergency propulsion stop and essential local control available during WAN, cloud and AI service loss.",All three CAD concepts,control,Control engineer,T,Inject WAN/cloud/AI loss and demonstrate local stop and control according to the approved safe-state table.,COM-03-EV,Proposed / evidence pending,TBD — project assignment,Shared allocation
COM,COM-04,Open interfaces,"SHALL document versioned mechanical, power, data and command contracts with compatible-module rules, vendor adapters, authorized data export and component license records.",All three CAD concepts,configuration,Systems engineer,I,"Review contracts for mounting/load limits, connectors, power limits, message schemas, authority and version compatibility.",COM-04-EV,Proposed / evidence pending,TBD — project assignment,Shared allocation
COM,COM-05,Marine models,"SHALL link hull, structure, propulsion, thermal, control and mission models through documented Modelica/co-simulation interfaces.",All three CAD concepts,simulation,Simulation engineer,T,"Run a reproducible coupled scenario with recorded model versions, exchanged units and time-step settings.",COM-05-EV,Proposed / evidence pending,TBD — project assignment,Shared allocation
COM,COM-06,Hydrostatics,"SHALL define displacement, draft, freeboard, trim, buoyancy and stability for each approved loading configuration.",All three CAD concepts,hull,Naval architect,A,Produce a signed loading-case analysis against criteria established before baseline approval; no inferred dimensions from the image.,COM-06-EV,Proposed / evidence pending,TBD — project assignment,Shared allocation
COM,COM-07,Structural integrity,"SHALL define load paths, compartmentation, penetrations, drainage, service access and corrosion/environment protection for hull, deck and module attachments.",All three CAD concepts,hull,Naval architect,A/I,Review load-case calculations and inspect a compartment/penetration/access drawing against the approved design criteria.,COM-07-EV,Proposed / evidence pending,TBD — project assignment,Shared allocation
COM,COM-08,Energy protection,"SHALL provide protected power distribution, emergency isolation, source/load metering and reserve prioritization for essential loads.",All three CAD concepts,energy,Electrical engineer,T/A,Verify the mission energy balance and inject source/bus faults; protected loads follow the approved reserve and isolation policy.,COM-08-EV,Proposed / evidence pending,TBD — project assignment,Shared allocation
COM,COM-09,Human safety,"SHALL define occupancy, access, emergency egress, fire/flooding response and human authority over automated functions.",All three CAD concepts,control,Safety engineer,I/D,Walk through each occupancy configuration and demonstrate egress and manual takeover against the approved hazard controls.,COM-09-EV,Proposed / evidence pending,TBD — project assignment,Shared allocation
COM,COM-10,Cybersecurity,"SHALL authenticate remote commands, enforce permissions and local interlocks, record command/update provenance, and define location/occupant data minimization and retention.",All three CAD concepts,edge,Security engineer,T,Reject unauthorized/out-of-envelope commands; verify authorized actions are logged and location/occupant access and retention follow the approved privacy policy.,COM-10-EV,Proposed / evidence pending,TBD — project assignment,Shared allocation
COM,COM-11,Twin verification,"SHALL compare digital-twin state with measured/reference state and define accuracy, latency, staleness and offline recovery criteria.",All three CAD concepts,edge,Twin engineer,T,"Replay normal, stale-data and reconnect cases against an approved error/latency budget with a pass/fail report.",COM-11-EV,Proposed / evidence pending,TBD — project assignment,Shared allocation
COM,COM-12,Operating envelope,"SHALL establish environmental, speed, load and maintenance limits before prototype envelope expansion.",All three CAD concepts,control,Systems engineer,A/T,Approve an envelope table and staged trial entry/exit criteria; record evidence for each demonstrated condition.,COM-12-EV,Proposed / evidence pending,TBD — project assignment,Shared allocation
CAT,CAT-01,Twin-hull platform,"SHALL provide two demi-hulls, bridge deck and cabin/mission mounting structure with controlled module mass and CG.",MBSE/CAD/solar-powered-amphibious-catamaran-concept.jpg,hull,Naval architect,A/I,Verify the arrangement against the twin-hull CAD callout and analyze all module loading cases.,CAT-01-EV,Proposed / evidence pending,TBD — project assignment,COM-01..COM-12
CAT,CAT-02,Modular propulsion,"SHALL provide replaceable marine electric propulsion modules with command, feedback, fault, isolation and maintenance interfaces.",MBSE/CAD/solar-powered-amphibious-catamaran-concept.jpg,propulsion,Propulsion engineer,T/I,"Demonstrate steering/thrust control, safe stop and module interface inspection using the selected propulsor configuration.",CAT-02-EV,Proposed / evidence pending,TBD — project assignment,COM-01..COM-12
CAT,CAT-03,Mission modules,"SHALL define installation and removal interfaces for passenger, cargo, research, surveillance, environmental and emergency modules.",MBSE/CAD/solar-powered-amphibious-catamaran-concept.jpg,mission,Payload engineer,I/D,"Inspect interface contracts and demonstrate at least one module change; validate mass/CG, retention, power/data and safety per variant.",CAT-03-EV,Proposed / evidence pending,TBD — project assignment,COM-01..COM-12
CAT,CAT-04,Passenger accommodation,"SHALL provide configurable passenger spaces with access, seating, safety provisions and approved occupancy.",MBSE/CAD/solar-powered-amphibious-catamaran-concept.jpg,mission,Human factors engineer,I/D,Review a passenger arrangement and demonstrate boarding/egress for the approved occupancy and accessibility criteria.,CAT-04-EV,Proposed / evidence pending,TBD — project assignment,COM-01..COM-12
CAT,CAT-05,Perception and helm,"SHALL integrate GNSS/AIS, attitude and environmental sensing, with selected radar/camera/LiDAR interfaces and a local helm/HMI.",MBSE/CAD/solar-powered-amphibious-catamaran-concept.jpg,control,Control engineer,T,"Replay sensor loss and obstacle scenarios; verify displayed validity, operator authority and the approved degraded response.",CAT-05-EV,Proposed / evidence pending,TBD — project assignment,COM-01..COM-12
CAT,CAT-06,Energy variants,SHALL define a battery-electric base and separately selectable hybrid/hydrogen energy modules with protected mounting and distribution.,MBSE/CAD/solar-powered-amphibious-catamaran-concept.jpg,energy,Electrical engineer,A/I,"Review base and candidate variant diagrams; quantify energy, mass/CG and hazard impact before accepting a variant.",CAT-06-EV,Proposed / evidence pending,TBD — project assignment,COM-01..COM-12
CAT,CAT-07,Renewable option,"SHALL treat photovoltaic generation as a candidate option until array area, installation and electrical interfaces are designed.",MBSE/CAD/solar-powered-amphibious-catamaran-concept.jpg,energy,Electrical engineer,A/I,"Resolve the filename-only solar assumption with an approved roof/deck arrangement, yield/shading analysis and protected conversion design.",CAT-07-EV,Proposed / evidence pending,TBD — project assignment,COM-01..COM-12
CAT,CAT-08,Amphibious option,"SHALL keep land mobility, landing gear and water-land transitions outside the illustrated baseline until a dedicated design is approved.",MBSE/CAD/solar-powered-amphibious-catamaran-concept.jpg,configuration,Systems engineer,I,Inspect scope and baseline: no unapproved wheel/gear implementation or land-performance claim; variant approval requires geometry and load analysis.,CAT-08-EV,Proposed / evidence pending,TBD — project assignment,COM-01..COM-12
CAT,CAT-09,Mission handling,SHALL define safe cargo/module handling and ground/sea vehicle interfaces before enabling automated loading.,MBSE/CAD/solar-powered-amphibious-catamaran-concept.jpg,mission,Payload engineer,A/D,"Review retention, load transfer and operator exclusion zones; demonstrate the approved handling sequence with fault interruption.",CAT-09-EV,Proposed / evidence pending,TBD — project assignment,COM-01..COM-12
RV,RV-01,Living module,"SHALL provide configurable sleeping, seating, galley, sanitation, storage and workspace for an approved occupancy.",MBSE/CAD/amphibious-rv-concept.jpg,habitation,Human factors engineer,I/D,Inspect a habitation arrangement against the CAD living-space callouts and demonstrate access/egress.,RV-01-EV,Proposed / evidence pending,TBD — project assignment,COM-01..COM-12
RV,RV-02,Roof deck and PV,SHALL separate roof leisure/workspace access from photovoltaic arrays and provide guarded access and controlled structural loads.,MBSE/CAD/amphibious-rv-concept.jpg,hull,Structural engineer,A/I,"Analyze occupied roof loads, CG and stability; inspect guards, access and PV maintenance clearances.",RV-02-EV,Proposed / evidence pending,TBD — project assignment,COM-01..COM-12
RV,RV-03,Battery and conversion,SHALL provide modular battery banks and protected inverter/DC-AC interfaces; evaluate the depicted LiFePO4 chemistry as a candidate selection.,MBSE/CAD/amphibious-rv-concept.jpg,energy,Electrical engineer,A/T,"Review chemistry selection, mounting, thermal/protection design and source-fault shutdown against the approved criteria.",RV-03-EV,Proposed / evidence pending,TBD — project assignment,COM-01..COM-12
RV,RV-04,Electric marine drive,SHALL provide modular electric marine propulsion and local steering/stop with propulsion health telemetry.,MBSE/CAD/amphibious-rv-concept.jpg,propulsion,Propulsion engineer,T,Demonstrate maneuvering and emergency stop plus timestamped command/state/fault telemetry in the approved water envelope.,RV-04-EV,Proposed / evidence pending,TBD — project assignment,COM-01..COM-12
RV,RV-05,Water and waste,"SHALL separate potable, grey and black water tanks, plumbing and service interfaces; monitor levels and prevent cross-connection.",MBSE/CAD/amphibious-rv-concept.jpg,habitation,Utilities engineer,I/T,"Inspect independent circuits and demonstrate level alarms, leak response and service access against the approved capacities.",RV-05-EV,Proposed / evidence pending,TBD — project assignment,COM-01..COM-12
RV,RV-06,Climate and utilities,"SHALL provide ventilation, HVAC, lighting and essential habitation loads within the energy reserve and thermal budgets.",MBSE/CAD/amphibious-rv-concept.jpg,habitation,Utilities engineer,A/T,Verify climate and power budgets for approved occupancy/environment conditions and demonstrate priority-load behavior.,RV-06-EV,Proposed / evidence pending,TBD — project assignment,COM-01..COM-12
RV,RV-07,Navigation and IoT,"SHALL integrate GPS/GNSS, AIS, selected camera/radar and environment/security sensors into local navigation and monitoring.",MBSE/CAD/amphibious-rv-concept.jpg,control,Control engineer,T,"Replay navigation/sensor faults and verify validity flags, alarms and safe local operation.",RV-07-EV,Proposed / evidence pending,TBD — project assignment,COM-01..COM-12
RV,RV-08,Remote access,SHALL provide authorized remote monitoring and open APIs over selected cellular or optional satellite links with local buffering.,MBSE/CAD/amphibious-rv-concept.jpg,edge,Twin engineer,T,"Demonstrate authorized access, disconnected operation and ordered reconnect without duplicate command execution.",RV-08-EV,Proposed / evidence pending,TBD — project assignment,COM-01..COM-12
RV,RV-09,Land-water variant,"SHALL define towing/chassis, road interfaces and launch/recovery only after a dedicated land configuration is designed.",MBSE/CAD/amphibious-rv-concept.jpg,configuration,Mechanical engineer,I/A,"Record land capability as unresolved; acceptance requires transport geometry, mass, coupling/braking and transition load evidence.",RV-09-EV,Proposed / evidence pending,TBD — project assignment,COM-01..COM-12
RV,RV-10,Dashboard provenance,"SHALL treat illustrated energy/water percentages, location and 5.2 kn speed as UI examples rather than performance or capacity limits.",MBSE/CAD/amphibious-rv-concept.jpg,edge,Twin engineer,I/T,Verify examples are labeled and replaced by measured or simulated values carrying quality and provenance.,RV-10-EV,Proposed / evidence pending,TBD — project assignment,COM-01..COM-12
RIV,RIV-01,River hull and decks,"SHALL provide the illustrated river-vessel hull and multiple accommodation decks with controlled loading, access and structural load paths.",MBSE/CAD/river-cruiser-ship-concept.jpg,hull,Naval architect,A/I,Inspect a deck arrangement and analyze hull/deck loads and stability for each approved passenger/module configuration.,RIV-01-EV,Proposed / evidence pending,TBD — project assignment,COM-01..COM-12
RIV,RIV-02,Passenger operation,"SHALL define cabins/common areas, configurable passenger modules, occupancy, accessible boarding and emergency egress.",MBSE/CAD/river-cruiser-ship-concept.jpg,mission,Human factors engineer,I/D,Demonstrate boarding and egress against an approved arrangement and occupancy plan.,RIV-02-EV,Proposed / evidence pending,TBD — project assignment,COM-01..COM-12
RIV,RIV-03,Energy and drive,SHALL define modular battery banks and an electric base drive with separately assessed hybrid/hydrogen alternatives.,MBSE/CAD/river-cruiser-ship-concept.jpg,energy,Electrical engineer,A/T,Analyze propulsion and hotel demand for a river mission; demonstrate isolation and reserve control for the selected configuration.,RIV-03-EV,Proposed / evidence pending,TBD — project assignment,COM-01..COM-12
RIV,RIV-04,River navigation,"SHALL provide local navigation/HMI and supervised autonomy interfaces using GNSS/AIS, selected perception and environmental sensors.",MBSE/CAD/river-cruiser-ship-concept.jpg,control,Control engineer,T,"Replay current, shallow-water, docking and sensor-loss cases within the approved envelope and verify manual takeover.",RIV-04-EV,Proposed / evidence pending,TBD — project assignment,COM-01..COM-12
RIV,RIV-05,Interchangeable missions,"SHALL define passenger, cargo, research, surveillance, environmental and emergency module interfaces with retained loading records.",MBSE/CAD/river-cruiser-ship-concept.jpg,mission,Payload engineer,I/D,"Review mounting, handling, power/data and mass/CG contracts; demonstrate one approved module substitution.",RIV-05-EV,Proposed / evidence pending,TBD — project assignment,COM-01..COM-12
RIV,RIV-06,ROV/AUV option,"SHALL define an optional ROV/AUV launch, recovery and data interface before enabling research deployment.",MBSE/CAD/river-cruiser-ship-concept.jpg,mission,Payload engineer,A/D,Analyze handling loads and exclusion zones; demonstrate recovery and emergency interruption for the selected equipment.,RIV-06-EV,Proposed / evidence pending,TBD — project assignment,COM-01..COM-12
RIV,RIV-07,River environment,"SHALL assess draft/under-keel clearance, current, wind, bank interaction and wave effects for the intended waterway and loading cases.",MBSE/CAD/river-cruiser-ship-concept.jpg,hull,Naval architect,A/T,Produce an approved waterway envelope and compare maneuvering predictions with staged controlled trials.,RIV-07-EV,Proposed / evidence pending,TBD — project assignment,COM-01..COM-12
RIV,RIV-08,Hotel loads,"SHALL include accommodation HVAC, lighting, water/waste and passenger services in power, safety and maintenance budgets.",MBSE/CAD/river-cruiser-ship-concept.jpg,mission,Utilities engineer,A/I,Review service arrangements and calculate hotel/essential-load budgets for the approved occupancy.,RIV-08-EV,Proposed / evidence pending,TBD — project assignment,COM-01..COM-12
